{
  "tags": {
    "ANALYSIS.6rz12yGt": {
      "versionNumber": 0,
      "lastModifiedBy": {
        "login": "lecamleonie@gmail.com"
      },
      "lastModifiedOn": 1706690711573,
      "extendedProperties": {}
    },
    "DASHBOARD.aJ9YeIp": {
      "versionNumber": 0,
      "lastModifiedBy": {
        "login": "lecamleonie@gmail.com"
      },
      "lastModifiedOn": 1706650767757,
      "extendedProperties": {}
    },
    "DATASET.passengers": {
      "versionNumber": 1,
      "lastModifiedBy": {
        "login": "lecamleonie@gmail.com"
      },
      "lastModifiedOn": 1706650870401,
      "extendedProperties": {}
    },
    "DATASET.passengers_predicted": {
      "versionNumber": 1,
      "lastModifiedBy": {
        "login": "lecamleonie@gmail.com"
      },
      "lastModifiedOn": 1706691838647,
      "extendedProperties": {}
    },
    "DATASET.passengers_predictions": {
      "versionNumber": 1,
      "lastModifiedBy": {
        "login": "lecamleonie@gmail.com"
      },
      "lastModifiedOn": 1706692199463,
      "extendedProperties": {}
    },
    "DATASET.passengers_prepared": {
      "versionNumber": 1,
      "lastModifiedBy": {
        "login": "lecamleonie@gmail.com"
      },
      "lastModifiedOn": 1706652193416,
      "extendedProperties": {}
    },
    "DATASET.passengers_test": {
      "versionNumber": 1,
      "lastModifiedBy": {
        "login": "lecamleonie@gmail.com"
      },
      "lastModifiedOn": 1706690596487,
      "extendedProperties": {}
    },
    "DATASET.passengers_test_prepared": {
      "versionNumber": 2,
      "lastModifiedBy": {
        "login": "lecamleonie@gmail.com"
      },
      "lastModifiedOn": 1706691787281,
      "extendedProperties": {}
    },
    "DATASET.passengers_train": {
      "versionNumber": 1,
      "lastModifiedBy": {
        "login": "lecamleonie@gmail.com"
      },
      "lastModifiedOn": 1706690596505,
      "extendedProperties": {}
    },
    "LAMBDA_SERVICE.api_titanic": {
      "versionNumber": 4,
      "lastModifiedBy": {
        "login": "lecamleonie@gmail.com"
      },
      "lastModifiedOn": 1706702732605,
      "extendedProperties": {}
    },
    "MODEL_EVALUATION_STORE.J9ZrphgT": {
      "versionNumber": 3,
      "lastModifiedBy": {
        "login": "lecamleonie@gmail.com"
      },
      "lastModifiedOn": 1706691412279,
      "extendedProperties": {}
    },
    "PROJECT.SPACESHIPTITANICLECAMCOUCHOUDDEGIOVANNI": {
      "versionNumber": 4,
      "lastModifiedBy": {
        "login": "lecamleonie@gmail.com"
      },
      "lastModifiedOn": 1706692163021,
      "extendedProperties": {}
    },
    "RECIPE.compute_passengers_prepared": {
      "versionNumber": 2,
      "lastModifiedBy": {
        "login": "lecamleonie@gmail.com"
      },
      "lastModifiedOn": 1706690380783,
      "extendedProperties": {}
    },
    "RECIPE.compute_passengers_test_prepared": {
      "versionNumber": 2,
      "lastModifiedBy": {
        "login": "lecamleonie@gmail.com"
      },
      "lastModifiedOn": 1706691787618,
      "extendedProperties": {}
    },
    "RECIPE.evaluate_on_passengers_test": {
      "versionNumber": 1,
      "lastModifiedBy": {
        "login": "lecamleonie@gmail.com"
      },
      "lastModifiedOn": 1706692211010,
      "extendedProperties": {}
    },
    "RECIPE.evaluate_on_passengers_test_prepared": {
      "versionNumber": 1,
      "lastModifiedBy": {
        "login": "lecamleonie@gmail.com"
      },
      "lastModifiedOn": 1706691939988,
      "extendedProperties": {}
    },
    "RECIPE.split_passengers_prepared": {
      "versionNumber": 1,
      "lastModifiedBy": {
        "login": "lecamleonie@gmail.com"
      },
      "lastModifiedOn": 1706690596693,
      "extendedProperties": {}
    },
    "RECIPE.train_Predict_Transported__binary_": {
      "versionNumber": 0,
      "lastModifiedBy": {
        "login": "lecamleonie@gmail.com"
      },
      "lastModifiedOn": 1706691205696,
      "extendedProperties": {}
    },
    "SAVED_MODEL.hqh3AEw2": {
      "versionNumber": 0,
      "lastModifiedBy": {
        "login": "lecamleonie@gmail.com"
      },
      "lastModifiedOn": 1706691205687,
      "extendedProperties": {}
    },
    "STATISTICS_WORKSHEET.6qVH7GRNca": {
      "versionNumber": 1,
      "lastModifiedBy": {
        "login": "lecamleonie@gmail.com"
      },
      "lastModifiedOn": 1706690006585,
      "extendedProperties": {}
    }
  }
}