{
  "trainedWithDSSVersion": "12.4.2",
  "backend": "PY_MEMORY",
  "isValid": true,
  "type": "BINARY_PROBABILISTIC",
  "algorithm_name": "LOGISTIC",
  "columns": [
    "VRDeck",
    "Spa",
    "Cabin_1",
    "FoodCourt",
    "RoomService",
    "ShoppingMall",
    "Age",
    "dummy:Cabin_2:S",
    "dummy:Cabin_2:P",
    "dummy:Cabin_2:N/A",
    "dummy:Destination:TRAPPIST-1e",
    "dummy:Destination:55 Cancri e",
    "dummy:Destination:PSO J318.5-22",
    "dummy:Destination:N/A",
    "dummy:Cabin_0:F",
    "dummy:Cabin_0:G",
    "dummy:Cabin_0:E",
    "dummy:Cabin_0:C",
    "dummy:Cabin_0:B",
    "dummy:Cabin_0:D",
    "dummy:Cabin_0:A",
    "dummy:Cabin_0:N/A",
    "dummy:Name:Alraium Disivering",
    "dummy:Name:Glena Hahnstonsen",
    "dummy:Name:Troya Schwardson",
    "dummy:Name:Loree Wolfernan",
    "dummy:Name:Cuses Pread",
    "dummy:Name:Glenna Valezaley",
    "dummy:Name:Gwendy Sykess",
    "dummy:Name:Ankalik Nateansive",
    "dummy:Name:Sus Coolez",
    "dummy:Name:Grake Porki",
    "dummy:Name:Anton Woody",
    "dummy:Name:Elaney Webstephrey",
    "dummy:Name:Keitha Josey",
    "dummy:Name:Mondax Mesty",
    "dummy:Name:Morms Cheen",
    "dummy:Name:Moniey Powenoble",
    "dummy:Name:Molley Rossey",
    "dummy:Name:Molley Hurles",
    "dummy:Name:Molley Barnolderg",
    "dummy:Name:Monkle Fone",
    "dummy:Name:Mollen Lewintos",
    "dummy:Name:Morms Gine",
    "dummy:Name:Moniey Lambucketty",
    "dummy:Name:Morms Melte",
    "dummy:Name:Morny Gerin",
    "dummy:Name:Mollen Bookst",
    "dummy:Name:Mits Pota",
    "dummy:Name:Mites Sacre",
    "dummy:Name:Miten Kniva",
    "dummy:Name:Mollie Tersimpson",
    "dummy:Name:Mon Lamberguson",
    "dummy:Name:Mondax Botie",
    "dummy:Name:Monah Villenson",
    "dummy:Name:Money Sache",
    "dummy:Name:Monch Buth",
    "dummy:Name:Monard Walterson",
    "dummy:Name:Monard Jenkinnedy",
    "dummy:Name:Monard Hammonton",
    "dummy:Name:Monard Cartez",
    "dummy:Name:Monah Pittson",
    "dummy:Name:Moniey Hopperett",
    "dummy:Name:Miten Hotte",
    "dummy:Name:Monah Harry",
    "dummy:Name:Monah Gambs",
    "dummy:Name:Moniey Bradamss",
    "dummy:Name:Mon Marson",
    "dummy:Name:Mon Lapie",
    "dummy:Name:Monah Hickett",
    "dummy:Name:Mistie Cardners",
    "dummy:Name:Mitch Vloaf",
    "dummy:Name:Minnys Stité",
    "dummy:Name:Minopus Cattle",
    "dummy:Name:Minopus Bealvewd",
    "dummy:Name:Minonus Supiensive",
    "dummy:Name:Minon Invebodene",
    "dummy:Name:Minon Fouseding",
    "dummy:Name:Minoces Myling",
    "dummy:Name:Mino Unkcatted",
    "dummy:Name:Mino Hontichre",
    "dummy:Name:Minkark Motled",
    "dummy:Name:Mistie Leonaldez",
    "dummy:Name:Minkark Mosteraked",
    "dummy:Name:Minies Dan",
    "dummy:Name:Minies Curle",
    "dummy:Name:Ming Sinda",
    "dummy:Name:Minchib Asticit",
    "dummy:Name:Min Parrett",
    "dummy:Name:Min Nichoan",
    "dummy:Name:Min Alfordonard",
    "dummy:Name:Minopus Oilpfulle",
    "dummy:Name:Minoton Cralinal",
    "dummy:Name:Minoton Hednigic",
    "dummy:Name:Minoton Pirejus",
    "dummy:Name:Morrie Mcbriddley",
    "dummy:Name:Misamak Fanchy",
    "dummy:Name:Misadr Ticagent",
    "dummy:Name:Misa Excialing",
    "dummy:Name:Mirfark Taketiatim",
    "dummy:Name:Mirfark Geousty",
    "dummy:Name:Mirfark Anderking",
    "dummy:Name:Mirark Unhearfus",
    "dummy:Name:Mirark Scoudelle",
    "dummy:Name:Mirark Fuelisent",
    "dummy:Name:Mirakis Dynatic",
    "dummy:Name:Mirakis Amincrerus",
    "dummy:Name:Mira Farleyatton",
    "dummy:Name:Minus Roforhauge",
    "dummy:Name:Mintard Guloofant",
    "dummy:Name:Minoton Surind",
    "dummy:Name:Minoton Radisiouss",
    "dummy:Name:Morrie Gamberson",
    "dummy:Name:Moth Cowtale",
    "dummy:Name:Morrie Sweekstarks",
    "dummy:Name:Nancey Pooles",
    "dummy:Name:Nancey Burchard",
    "dummy:Name:Nancey Bookerson",
    "dummy:Name:Nance Rigginsen",
    "dummy:Name:Nance Reenon",
    "dummy:Name:Nance Morelly",
    "dummy:Name:Nance Flemaney",
    "dummy:Name:N/A",
    "dummy:Cabin:C/82/P",
    "dummy:Cabin:G/230/S",
    "dummy:Cabin:G/150/S",
    "dummy:Cabin:B/11/S",
    "dummy:Cabin:G/109/P",
    "dummy:Cabin:E/13/S",
    "dummy:Cabin:C/158/S",
    "dummy:Cabin:F/1194/P",
    "dummy:Cabin:C/255/S",
    "dummy:Cabin:G/732/S",
    "dummy:Cabin:B/62/S",
    "dummy:Cabin:C/42/P",
    "dummy:Cabin:C/21/P",
    "dummy:Cabin:C/176/S",
    "dummy:Cabin:G/1267/P",
    "dummy:Cabin:G/1368/P",
    "dummy:Cabin:B/201/P",
    "dummy:Cabin:G/117/S",
    "dummy:Cabin:F/859/P",
    "dummy:Cabin:F/1808/P",
    "dummy:Cabin:D/288/P",
    "dummy:Cabin:G/981/S",
    "dummy:Cabin:C/230/S",
    "dummy:Cabin:C/235/P",
    "dummy:Cabin:G/1015/P",
    "dummy:Cabin:G/1498/P",
    "dummy:Cabin:G/602/P",
    "dummy:Cabin:G/636/P",
    "dummy:Cabin:E/56/S",
    "dummy:Cabin:C/225/P",
    "dummy:Cabin:G/655/P",
    "dummy:Cabin:A/59/P",
    "dummy:Cabin:A/57/P",
    "dummy:Cabin:C/18/P",
    "dummy:Cabin:G/1032/P",
    "dummy:Cabin:G/657/P",
    "dummy:Cabin:G/1460/S",
    "dummy:Cabin:G/1313/S",
    "dummy:Cabin:B/183/S",
    "dummy:Cabin:B/19/S",
    "dummy:Cabin:E/82/P",
    "dummy:Cabin:B/229/P",
    "dummy:Cabin:G/1364/P",
    "dummy:Cabin:B/121/S",
    "dummy:Cabin:B/277/S",
    "dummy:Cabin:G/765/S",
    "dummy:Cabin:F/1704/S",
    "dummy:Cabin:G/757/P",
    "dummy:Cabin:B/47/P",
    "dummy:Cabin:F/1050/P",
    "dummy:Cabin:B/65/P",
    "dummy:Cabin:B/7/S",
    "dummy:Cabin:C/249/S",
    "dummy:Cabin:G/1476/S",
    "dummy:Cabin:E/426/P",
    "dummy:Cabin:F/972/P",
    "dummy:Cabin:G/450/S",
    "dummy:Cabin:D/176/S",
    "dummy:Cabin:G/994/S",
    "dummy:Cabin:C/95/S",
    "dummy:Cabin:C/91/P",
    "dummy:Cabin:C/65/S",
    "dummy:Cabin:D/56/P",
    "dummy:Cabin:C/329/S",
    "dummy:Cabin:G/37/P",
    "dummy:Cabin:G/974/P",
    "dummy:Cabin:G/469/P",
    "dummy:Cabin:C/319/S",
    "dummy:Cabin:F/151/S",
    "dummy:Cabin:G/186/S",
    "dummy:Cabin:G/330/P",
    "dummy:Cabin:F/862/S",
    "dummy:Cabin:F/856/P",
    "dummy:Cabin:F/1387/P",
    "dummy:Cabin:F/1838/P",
    "dummy:Cabin:B/291/P",
    "dummy:Cabin:G/1108/P",
    "dummy:Cabin:B/300/P",
    "dummy:Cabin:F/868/P",
    "dummy:Cabin:F/1711/P",
    "dummy:Cabin:G/439/P",
    "dummy:Cabin:G/1087/S",
    "dummy:Cabin:B/171/P",
    "dummy:Cabin:G/1396/P",
    "dummy:Cabin:G/26/P",
    "dummy:Cabin:G/1402/P",
    "dummy:Cabin:B/43/P",
    "dummy:Cabin:E/0/S",
    "dummy:Cabin:D/124/P",
    "dummy:Cabin:B/59/P",
    "dummy:Cabin:B/61/S",
    "dummy:Cabin:G/1316/S",
    "dummy:Cabin:E/352/P",
    "dummy:Cabin:D/68/P",
    "dummy:Cabin:G/283/S",
    "dummy:Cabin:D/227/P",
    "dummy:Cabin:G/857/P",
    "dummy:Cabin:B/185/P",
    "dummy:Cabin:B/203/P",
    "dummy:Cabin:G/377/P",
    "dummy:Cabin:N/A",
    "dummy:HomePlanet:Earth",
    "dummy:HomePlanet:Europa",
    "dummy:HomePlanet:Mars",
    "dummy:HomePlanet:N/A",
    "dummy:VIP:false",
    "dummy:VIP:true",
    "dummy:VIP:N/A",
    "dummy:CryoSleep:false",
    "dummy:CryoSleep:true",
    "dummy:CryoSleep:N/A"
  ],
  "classes": [
    "false",
    "true"
  ]
}