{
    "perClassFacts": {
        "unique": {
            "Spa": {
                "impact": 0.6464799991572683,
                "rank": 1,
                "feature": "Spa",
                "correlation": -0.7491534929712672,
                "type": "NUMERICAL"
            },
            "CryoSleep": {
                "impact": 0.6103695974273516,
                "rank": 2,
                "feature": "CryoSleep",
                "positiveCategoricalValue": "true",
                "negativeCategoricalValue": "false",
                "infoGain": 0.6268694575724263,
                "type": "CATEGORICAL"
            },
            "VRDeck": {
                "impact": 0.6093992579108758,
                "rank": 3,
                "feature": "VRDeck",
                "correlation": -0.7588312903499144,
                "type": "NUMERICAL"
            },
            "HomePlanet": {
                "impact": 0.5251723437160155,
                "rank": 4,
                "feature": "HomePlanet",
                "positiveCategoricalValue": "Europa",
                "negativeCategoricalValue": "Earth",
                "infoGain": 0.6927915828524811,
                "type": "CATEGORICAL"
            },
            "RoomService": {
                "impact": 0.38191996106338055,
                "rank": 5,
                "feature": "RoomService",
                "correlation": -0.730046069166693,
                "type": "NUMERICAL"
            },
            "Cabin_0": {
                "impact": 0.3670610651451716,
                "rank": 6,
                "feature": "Cabin_0",
                "positiveCategoricalValue": "F",
                "negativeCategoricalValue": "G",
                "infoGain": 0.6662275084271986,
                "type": "CATEGORICAL"
            },
            "Cabin_2": {
                "impact": 0.26309636582378765,
                "rank": 8,
                "feature": "Cabin_2",
                "positiveCategoricalValue": "S",
                "negativeCategoricalValue": "P",
                "infoGain": 0.6874474544541733,
                "type": "CATEGORICAL"
            },
            "Destination": {
                "impact": 0.12163434782993567,
                "rank": 9,
                "feature": "Destination",
                "positiveCategoricalValue": "55 Cancri e",
                "negativeCategoricalValue": "TRAPPIST-1e",
                "infoGain": 0.5586433855473838,
                "type": "CATEGORICAL"
            },
            "Cabin_1": {
                "impact": 0.10376189711035763,
                "rank": 11,
                "feature": "Cabin_1",
                "correlation": 0.9030815601619757,
                "type": "NUMERICAL"
            },
            "Age": {
                "impact": 0.09463044324091968,
                "rank": 12,
                "feature": "Age",
                "correlation": -0.9675327680052924,
                "type": "NUMERICAL"
            }
        }
    }
}