{
    "startedAt": 1706690830929,
    "gridSize": 5,
    "nThreads": 4,
    "nSplits": 5,
    "metric": "ROC_AUC",
    "timeout": null,
    "gridPoints": [
        {
            "finishedAt": 1706690833172,
            "score": 0.873900210762118,
            "testScoreGibMean": 0.873900210762118,
            "testScoreMean": 0.873900210762118,
            "testScoreStd": 0.012565344496596013,
            "trainScoreMean": 0.8774835801030698,
            "trainScoreStd": 0.0032441950335860207,
            "time": 5475,
            "fitTimeMean": 159.8,
            "fitTimeStd": 163.1776945541271,
            "scoreTimeMean": 935.2,
            "scoreTimeStd": 278.5465131714989,
            "parameters": {
                "C": 0.1,
                "penalty": "l2"
            }
        },
        {
            "finishedAt": 1706690833781,
            "score": 0.8688459835590703,
            "testScoreGibMean": 0.8688459835590703,
            "testScoreMean": 0.8688459835590703,
            "testScoreStd": 0.013386861420641511,
            "trainScoreMean": 0.8708273623709548,
            "trainScoreStd": 0.003067172078706913,
            "time": 4343,
            "fitTimeMean": 283.2,
            "fitTimeStd": 159.20979869342213,
            "scoreTimeMean": 585.4,
            "scoreTimeStd": 167.76960392156857,
            "parameters": {
                "C": 0.01,
                "penalty": "l2"
            }
        },
        {
            "finishedAt": 1706690835672,
            "score": 0.8713482064243588,
            "testScoreGibMean": 0.8713482064243588,
            "testScoreMean": 0.8713482064243588,
            "testScoreStd": 0.012912492758504913,
            "trainScoreMean": 0.8888483669998813,
            "trainScoreStd": 0.0032152772238713675,
            "time": 7267,
            "fitTimeMean": 537.4,
            "fitTimeStd": 130.21305618101434,
            "scoreTimeMean": 916.0,
            "scoreTimeStd": 289.4898961967412,
            "parameters": {
                "C": 10.0,
                "penalty": "l2"
            }
        },
        {
            "finishedAt": 1706690837270,
            "score": 0.8744488251389976,
            "testScoreGibMean": 0.8744488251389976,
            "testScoreMean": 0.8744488251389976,
            "testScoreStd": 0.012837684428049206,
            "trainScoreMean": 0.8829463135206762,
            "trainScoreStd": 0.0032599792546102223,
            "time": 5481,
            "fitTimeMean": 415.2,
            "fitTimeStd": 127.81142358959937,
            "scoreTimeMean": 681.0,
            "scoreTimeStd": 223.72036116545138,
            "parameters": {
                "C": 1.0,
                "penalty": "l2"
            }
        },
        {
            "finishedAt": 1706690838874,
            "score": 0.8665457927856163,
            "testScoreGibMean": 0.8665457927856163,
            "testScoreMean": 0.8665457927856163,
            "testScoreStd": 0.012915185662822192,
            "trainScoreMean": 0.8899917125610278,
            "trainScoreStd": 0.0032314154056443255,
            "time": 5595,
            "fitTimeMean": 839.6,
            "fitTimeStd": 49.8220834570374,
            "scoreTimeMean": 279.4,
            "scoreTimeStd": 118.91946854909838,
            "parameters": {
                "C": 100.0,
                "penalty": "l2"
            }
        }
    ]
}