[
    {
        "test_score_gib": 0.8718348241479914,
        "train_score": 0.877700853444384,
        "test_score": 0.8718348241479914,
        "num_samples": 1117,
        "fit_time": 29,
        "score_time": 690,
        "time": 719,
        "parameters": {
            "C": 0.1,
            "penalty": "l2"
        },
        "done_at": 1706690831676,
        "split_id": 0
    },
    {
        "test_score_gib": 0.8784093682952837,
        "train_score": 0.87641427983264,
        "test_score": 0.8784093682952837,
        "num_samples": 1116,
        "fit_time": 25,
        "score_time": 1405,
        "time": 1430,
        "parameters": {
            "C": 0.1,
            "penalty": "l2"
        },
        "done_at": 1706690832468,
        "split_id": 1
    },
    {
        "test_score_gib": 0.8665255598237341,
        "train_score": 0.8796013087364117,
        "test_score": 0.8665255598237341,
        "num_samples": 1116,
        "fit_time": 32,
        "score_time": 681,
        "time": 713,
        "parameters": {
            "C": 0.1,
            "penalty": "l2"
        },
        "done_at": 1706690831672,
        "split_id": 2
    },
    {
        "test_score_gib": 0.8576865757930034,
        "train_score": 0.8816527584817646,
        "test_score": 0.8576865757930034,
        "num_samples": 1116,
        "fit_time": 311,
        "score_time": 805,
        "time": 1116,
        "parameters": {
            "C": 0.1,
            "penalty": "l2"
        },
        "done_at": 1706690832077,
        "split_id": 3
    },
    {
        "test_score_gib": 0.8950655418058262,
        "train_score": 0.872043630824252,
        "test_score": 0.8950655418058262,
        "num_samples": 1115,
        "fit_time": 402,
        "score_time": 1095,
        "time": 1497,
        "parameters": {
            "C": 0.1,
            "penalty": "l2"
        },
        "done_at": 1706690833172,
        "split_id": 4
    },
    {
        "test_score_gib": 0.8656343175916131,
        "train_score": 0.871615322636359,
        "test_score": 0.8656343175916131,
        "num_samples": 1117,
        "fit_time": 490,
        "score_time": 317,
        "time": 807,
        "parameters": {
            "C": 0.01,
            "penalty": "l2"
        },
        "done_at": 1706690832485,
        "split_id": 0
    },
    {
        "test_score_gib": 0.8738710381952026,
        "train_score": 0.8695564416164367,
        "test_score": 0.8738710381952026,
        "num_samples": 1116,
        "fit_time": 113,
        "score_time": 702,
        "time": 815,
        "parameters": {
            "C": 0.01,
            "penalty": "l2"
        },
        "done_at": 1706690833185,
        "split_id": 1
    },
    {
        "test_score_gib": 0.859693975872657,
        "train_score": 0.8727063338498342,
        "test_score": 0.859693975872657,
        "num_samples": 1116,
        "fit_time": 298,
        "score_time": 808,
        "time": 1106,
        "parameters": {
            "C": 0.01,
            "penalty": "l2"
        },
        "done_at": 1706690833577,
        "split_id": 2
    },
    {
        "test_score_gib": 0.8531610930534321,
        "train_score": 0.874616262770247,
        "test_score": 0.8531610930534321,
        "num_samples": 1116,
        "fit_time": 421,
        "score_time": 589,
        "time": 1010,
        "parameters": {
            "C": 0.01,
            "penalty": "l2"
        },
        "done_at": 1706690833778,
        "split_id": 3
    },
    {
        "test_score_gib": 0.8918930223878195,
        "train_score": 0.8656370941463329,
        "test_score": 0.8918930223878195,
        "num_samples": 1115,
        "fit_time": 94,
        "score_time": 511,
        "time": 605,
        "parameters": {
            "C": 0.01,
            "penalty": "l2"
        },
        "done_at": 1706690833781,
        "split_id": 4
    },
    {
        "test_score_gib": 0.8683209900291751,
        "train_score": 0.8895911556363156,
        "test_score": 0.8683209900291751,
        "num_samples": 1117,
        "fit_time": 307,
        "score_time": 376,
        "time": 683,
        "parameters": {
            "C": 10.0,
            "penalty": "l2"
        },
        "done_at": 1706690834170,
        "split_id": 0
    },
    {
        "test_score_gib": 0.8773366136927169,
        "train_score": 0.8867087655991579,
        "test_score": 0.8773366136927169,
        "num_samples": 1116,
        "fit_time": 691,
        "score_time": 1207,
        "time": 1898,
        "parameters": {
            "C": 10.0,
            "penalty": "l2"
        },
        "done_at": 1706690835478,
        "split_id": 1
    },
    {
        "test_score_gib": 0.8655780669861376,
        "train_score": 0.8907001547093614,
        "test_score": 0.8655780669861376,
        "num_samples": 1116,
        "fit_time": 500,
        "score_time": 995,
        "time": 1495,
        "parameters": {
            "C": 10.0,
            "penalty": "l2"
        },
        "done_at": 1706690835274,
        "split_id": 2
    },
    {
        "test_score_gib": 0.853376286341971,
        "train_score": 0.8932576668655988,
        "test_score": 0.853376286341971,
        "num_samples": 1116,
        "fit_time": 585,
        "score_time": 1106,
        "time": 1691,
        "parameters": {
            "C": 10.0,
            "penalty": "l2"
        },
        "done_at": 1706690835474,
        "split_id": 3
    },
    {
        "test_score_gib": 0.8921504276144328,
        "train_score": 0.8839790634325183,
        "test_score": 0.8921504276144328,
        "num_samples": 1115,
        "fit_time": 604,
        "score_time": 896,
        "time": 1500,
        "parameters": {
            "C": 10.0,
            "penalty": "l2"
        },
        "done_at": 1706690835672,
        "split_id": 4
    },
    {
        "test_score_gib": 0.8722836715719277,
        "train_score": 0.8833459654991251,
        "test_score": 0.8722836715719277,
        "num_samples": 1117,
        "fit_time": 210,
        "score_time": 890,
        "time": 1100,
        "parameters": {
            "C": 1.0,
            "penalty": "l2"
        },
        "done_at": 1706690836570,
        "split_id": 0
    },
    {
        "test_score_gib": 0.8792797769698215,
        "train_score": 0.8815698533743883,
        "test_score": 0.8792797769698215,
        "num_samples": 1116,
        "fit_time": 393,
        "score_time": 605,
        "time": 998,
        "parameters": {
            "C": 1.0,
            "penalty": "l2"
        },
        "done_at": 1706690836475,
        "split_id": 1
    },
    {
        "test_score_gib": 0.8679130747587909,
        "train_score": 0.8849562158656287,
        "test_score": 0.8679130747587909,
        "num_samples": 1116,
        "fit_time": 387,
        "score_time": 911,
        "time": 1298,
        "parameters": {
            "C": 1.0,
            "penalty": "l2"
        },
        "done_at": 1706690836780,
        "split_id": 2
    },
    {
        "test_score_gib": 0.8570795380089161,
        "train_score": 0.8872505595091054,
        "test_score": 0.8570795380089161,
        "num_samples": 1116,
        "fit_time": 596,
        "score_time": 702,
        "time": 1298,
        "parameters": {
            "C": 1.0,
            "penalty": "l2"
        },
        "done_at": 1706690836973,
        "split_id": 3
    },
    {
        "test_score_gib": 0.8957090548723593,
        "train_score": 0.8776038280706993,
        "test_score": 0.8957090548723593,
        "num_samples": 1115,
        "fit_time": 490,
        "score_time": 297,
        "time": 787,
        "parameters": {
            "C": 1.0,
            "penalty": "l2"
        },
        "done_at": 1706690837270,
        "split_id": 4
    },
    {
        "test_score_gib": 0.8637331281459396,
        "train_score": 0.8908336867929803,
        "test_score": 0.8637331281459396,
        "num_samples": 1117,
        "fit_time": 799,
        "score_time": 301,
        "time": 1100,
        "parameters": {
            "C": 100.0,
            "penalty": "l2"
        },
        "done_at": 1706690837872,
        "split_id": 0
    },
    {
        "test_score_gib": 0.87329611881239,
        "train_score": 0.8877140653031286,
        "test_score": 0.87329611881239,
        "num_samples": 1116,
        "fit_time": 785,
        "score_time": 503,
        "time": 1288,
        "parameters": {
            "C": 100.0,
            "penalty": "l2"
        },
        "done_at": 1706690838073,
        "split_id": 1
    },
    {
        "test_score_gib": 0.8599798296439997,
        "train_score": 0.8918210799383893,
        "test_score": 0.8599798296439997,
        "num_samples": 1116,
        "fit_time": 900,
        "score_time": 204,
        "time": 1104,
        "parameters": {
            "C": 100.0,
            "penalty": "l2"
        },
        "done_at": 1706690838078,
        "split_id": 2
    },
    {
        "test_score_gib": 0.8487094826367924,
        "train_score": 0.8944241597928697,
        "test_score": 0.8487094826367924,
        "num_samples": 1116,
        "fit_time": 899,
        "score_time": 203,
        "time": 1102,
        "parameters": {
            "C": 100.0,
            "penalty": "l2"
        },
        "done_at": 1706690838472,
        "split_id": 3
    },
    {
        "test_score_gib": 0.8870312811701642,
        "train_score": 0.8851604874658294,
        "test_score": 0.8870312811701642,
        "num_samples": 1115,
        "fit_time": 815,
        "score_time": 186,
        "time": 1001,
        "parameters": {
            "C": 100.0,
            "penalty": "l2"
        },
        "done_at": 1706690838874,
        "split_id": 4
    }
]