{
    "modelInputNRows": 5580,
    "modelInputNCols": 234,
    "modelInputIsSparse": false,
    "modelInputMemory": 10445760,
    "usedGridSearch": true,
    "gridSize": 5,
    "gridBestScore": 0.8744488251389976,
    "gridCells": [
        {
            "params": {
                "C": 0.1,
                "penalty": "l2"
            },
            "score": 0.873900210762118,
            "scoreStd": 0.012565344496596013,
            "fitTime": 0.1598,
            "fitTimeStd": 0.1631776945541271,
            "scoreTime": 0.9352,
            "scoreTimeStd": 0.27854651317149887
        },
        {
            "params": {
                "C": 0.01,
                "penalty": "l2"
            },
            "score": 0.8688459835590703,
            "scoreStd": 0.013386861420641511,
            "fitTime": 0.2832,
            "fitTimeStd": 0.15920979869342214,
            "scoreTime": 0.5854,
            "scoreTimeStd": 0.16776960392156856
        },
        {
            "params": {
                "C": 10.0,
                "penalty": "l2"
            },
            "score": 0.8713482064243588,
            "scoreStd": 0.012912492758504913,
            "fitTime": 0.5374,
            "fitTimeStd": 0.13021305618101434,
            "scoreTime": 0.916,
            "scoreTimeStd": 0.2894898961967412
        },
        {
            "params": {
                "C": 1.0,
                "penalty": "l2"
            },
            "score": 0.8744488251389976,
            "scoreStd": 0.012837684428049206,
            "fitTime": 0.4152,
            "fitTimeStd": 0.12781142358959938,
            "scoreTime": 0.681,
            "scoreTimeStd": 0.22372036116545138
        },
        {
            "params": {
                "C": 100.0,
                "penalty": "l2"
            },
            "score": 0.8665457927856163,
            "scoreStd": 0.012915185662822192,
            "fitTime": 0.8396,
            "fitTimeStd": 0.049822083457037404,
            "scoreTime": 0.2794,
            "scoreTimeStd": 0.11891946854909838
        }
    ],
    "lmCoefficients": {
        "variables": [
            "VRDeck",
            "Spa",
            "Cabin_1",
            "FoodCourt",
            "RoomService",
            "ShoppingMall",
            "Age",
            "dummy:Cabin_2:S",
            "dummy:Cabin_2:P",
            "dummy:Cabin_2:N/A",
            "dummy:Destination:TRAPPIST-1e",
            "dummy:Destination:55 Cancri e",
            "dummy:Destination:PSO J318.5-22",
            "dummy:Destination:N/A",
            "dummy:Cabin_0:F",
            "dummy:Cabin_0:G",
            "dummy:Cabin_0:E",
            "dummy:Cabin_0:C",
            "dummy:Cabin_0:B",
            "dummy:Cabin_0:D",
            "dummy:Cabin_0:A",
            "dummy:Cabin_0:N/A",
            "dummy:Name:Alraium Disivering",
            "dummy:Name:Glena Hahnstonsen",
            "dummy:Name:Troya Schwardson",
            "dummy:Name:Loree Wolfernan",
            "dummy:Name:Cuses Pread",
            "dummy:Name:Glenna Valezaley",
            "dummy:Name:Gwendy Sykess",
            "dummy:Name:Ankalik Nateansive",
            "dummy:Name:Sus Coolez",
            "dummy:Name:Grake Porki",
            "dummy:Name:Anton Woody",
            "dummy:Name:Elaney Webstephrey",
            "dummy:Name:Keitha Josey",
            "dummy:Name:Mondax Mesty",
            "dummy:Name:Morms Cheen",
            "dummy:Name:Moniey Powenoble",
            "dummy:Name:Molley Rossey",
            "dummy:Name:Molley Hurles",
            "dummy:Name:Molley Barnolderg",
            "dummy:Name:Monkle Fone",
            "dummy:Name:Mollen Lewintos",
            "dummy:Name:Morms Gine",
            "dummy:Name:Moniey Lambucketty",
            "dummy:Name:Morms Melte",
            "dummy:Name:Morny Gerin",
            "dummy:Name:Mollen Bookst",
            "dummy:Name:Mits Pota",
            "dummy:Name:Mites Sacre",
            "dummy:Name:Miten Kniva",
            "dummy:Name:Mollie Tersimpson",
            "dummy:Name:Mon Lamberguson",
            "dummy:Name:Mondax Botie",
            "dummy:Name:Monah Villenson",
            "dummy:Name:Money Sache",
            "dummy:Name:Monch Buth",
            "dummy:Name:Monard Walterson",
            "dummy:Name:Monard Jenkinnedy",
            "dummy:Name:Monard Hammonton",
            "dummy:Name:Monard Cartez",
            "dummy:Name:Monah Pittson",
            "dummy:Name:Moniey Hopperett",
            "dummy:Name:Miten Hotte",
            "dummy:Name:Monah Harry",
            "dummy:Name:Monah Gambs",
            "dummy:Name:Moniey Bradamss",
            "dummy:Name:Mon Marson",
            "dummy:Name:Mon Lapie",
            "dummy:Name:Monah Hickett",
            "dummy:Name:Mistie Cardners",
            "dummy:Name:Mitch Vloaf",
            "dummy:Name:Minnys Stit\u00e9",
            "dummy:Name:Minopus Cattle",
            "dummy:Name:Minopus Bealvewd",
            "dummy:Name:Minonus Supiensive",
            "dummy:Name:Minon Invebodene",
            "dummy:Name:Minon Fouseding",
            "dummy:Name:Minoces Myling",
            "dummy:Name:Mino Unkcatted",
            "dummy:Name:Mino Hontichre",
            "dummy:Name:Minkark Motled",
            "dummy:Name:Mistie Leonaldez",
            "dummy:Name:Minkark Mosteraked",
            "dummy:Name:Minies Dan",
            "dummy:Name:Minies Curle",
            "dummy:Name:Ming Sinda",
            "dummy:Name:Minchib Asticit",
            "dummy:Name:Min Parrett",
            "dummy:Name:Min Nichoan",
            "dummy:Name:Min Alfordonard",
            "dummy:Name:Minopus Oilpfulle",
            "dummy:Name:Minoton Cralinal",
            "dummy:Name:Minoton Hednigic",
            "dummy:Name:Minoton Pirejus",
            "dummy:Name:Morrie Mcbriddley",
            "dummy:Name:Misamak Fanchy",
            "dummy:Name:Misadr Ticagent",
            "dummy:Name:Misa Excialing",
            "dummy:Name:Mirfark Taketiatim",
            "dummy:Name:Mirfark Geousty",
            "dummy:Name:Mirfark Anderking",
            "dummy:Name:Mirark Unhearfus",
            "dummy:Name:Mirark Scoudelle",
            "dummy:Name:Mirark Fuelisent",
            "dummy:Name:Mirakis Dynatic",
            "dummy:Name:Mirakis Amincrerus",
            "dummy:Name:Mira Farleyatton",
            "dummy:Name:Minus Roforhauge",
            "dummy:Name:Mintard Guloofant",
            "dummy:Name:Minoton Surind",
            "dummy:Name:Minoton Radisiouss",
            "dummy:Name:Morrie Gamberson",
            "dummy:Name:Moth Cowtale",
            "dummy:Name:Morrie Sweekstarks",
            "dummy:Name:Nancey Pooles",
            "dummy:Name:Nancey Burchard",
            "dummy:Name:Nancey Bookerson",
            "dummy:Name:Nance Rigginsen",
            "dummy:Name:Nance Reenon",
            "dummy:Name:Nance Morelly",
            "dummy:Name:Nance Flemaney",
            "dummy:Name:N/A",
            "dummy:Cabin:C/82/P",
            "dummy:Cabin:G/230/S",
            "dummy:Cabin:G/150/S",
            "dummy:Cabin:B/11/S",
            "dummy:Cabin:G/109/P",
            "dummy:Cabin:E/13/S",
            "dummy:Cabin:C/158/S",
            "dummy:Cabin:F/1194/P",
            "dummy:Cabin:C/255/S",
            "dummy:Cabin:G/732/S",
            "dummy:Cabin:B/62/S",
            "dummy:Cabin:C/42/P",
            "dummy:Cabin:C/21/P",
            "dummy:Cabin:C/176/S",
            "dummy:Cabin:G/1267/P",
            "dummy:Cabin:G/1368/P",
            "dummy:Cabin:B/201/P",
            "dummy:Cabin:G/117/S",
            "dummy:Cabin:F/859/P",
            "dummy:Cabin:F/1808/P",
            "dummy:Cabin:D/288/P",
            "dummy:Cabin:G/981/S",
            "dummy:Cabin:C/230/S",
            "dummy:Cabin:C/235/P",
            "dummy:Cabin:G/1015/P",
            "dummy:Cabin:G/1498/P",
            "dummy:Cabin:G/602/P",
            "dummy:Cabin:G/636/P",
            "dummy:Cabin:E/56/S",
            "dummy:Cabin:C/225/P",
            "dummy:Cabin:G/655/P",
            "dummy:Cabin:A/59/P",
            "dummy:Cabin:A/57/P",
            "dummy:Cabin:C/18/P",
            "dummy:Cabin:G/1032/P",
            "dummy:Cabin:G/657/P",
            "dummy:Cabin:G/1460/S",
            "dummy:Cabin:G/1313/S",
            "dummy:Cabin:B/183/S",
            "dummy:Cabin:B/19/S",
            "dummy:Cabin:E/82/P",
            "dummy:Cabin:B/229/P",
            "dummy:Cabin:G/1364/P",
            "dummy:Cabin:B/121/S",
            "dummy:Cabin:B/277/S",
            "dummy:Cabin:G/765/S",
            "dummy:Cabin:F/1704/S",
            "dummy:Cabin:G/757/P",
            "dummy:Cabin:B/47/P",
            "dummy:Cabin:F/1050/P",
            "dummy:Cabin:B/65/P",
            "dummy:Cabin:B/7/S",
            "dummy:Cabin:C/249/S",
            "dummy:Cabin:G/1476/S",
            "dummy:Cabin:E/426/P",
            "dummy:Cabin:F/972/P",
            "dummy:Cabin:G/450/S",
            "dummy:Cabin:D/176/S",
            "dummy:Cabin:G/994/S",
            "dummy:Cabin:C/95/S",
            "dummy:Cabin:C/91/P",
            "dummy:Cabin:C/65/S",
            "dummy:Cabin:D/56/P",
            "dummy:Cabin:C/329/S",
            "dummy:Cabin:G/37/P",
            "dummy:Cabin:G/974/P",
            "dummy:Cabin:G/469/P",
            "dummy:Cabin:C/319/S",
            "dummy:Cabin:F/151/S",
            "dummy:Cabin:G/186/S",
            "dummy:Cabin:G/330/P",
            "dummy:Cabin:F/862/S",
            "dummy:Cabin:F/856/P",
            "dummy:Cabin:F/1387/P",
            "dummy:Cabin:F/1838/P",
            "dummy:Cabin:B/291/P",
            "dummy:Cabin:G/1108/P",
            "dummy:Cabin:B/300/P",
            "dummy:Cabin:F/868/P",
            "dummy:Cabin:F/1711/P",
            "dummy:Cabin:G/439/P",
            "dummy:Cabin:G/1087/S",
            "dummy:Cabin:B/171/P",
            "dummy:Cabin:G/1396/P",
            "dummy:Cabin:G/26/P",
            "dummy:Cabin:G/1402/P",
            "dummy:Cabin:B/43/P",
            "dummy:Cabin:E/0/S",
            "dummy:Cabin:D/124/P",
            "dummy:Cabin:B/59/P",
            "dummy:Cabin:B/61/S",
            "dummy:Cabin:G/1316/S",
            "dummy:Cabin:E/352/P",
            "dummy:Cabin:D/68/P",
            "dummy:Cabin:G/283/S",
            "dummy:Cabin:D/227/P",
            "dummy:Cabin:G/857/P",
            "dummy:Cabin:B/185/P",
            "dummy:Cabin:B/203/P",
            "dummy:Cabin:G/377/P",
            "dummy:Cabin:N/A",
            "dummy:HomePlanet:Earth",
            "dummy:HomePlanet:Europa",
            "dummy:HomePlanet:Mars",
            "dummy:HomePlanet:N/A",
            "dummy:VIP:false",
            "dummy:VIP:true",
            "dummy:VIP:N/A",
            "dummy:CryoSleep:false",
            "dummy:CryoSleep:true",
            "dummy:CryoSleep:N/A"
        ],
        "coefs": [
            -2.178207324050816,
            -2.089727757421939,
            0.11843459338029004,
            0.8260935459013501,
            -0.9158623135440659,
            0.27045529755892533,
            -0.15674257087761903,
            0.3097558548295301,
            -0.2562062983762871,
            -0.06740266954701392,
            -0.2411463313233274,
            0.15852294542318707,
            -0.17742060727592834,
            0.24619088008208634,
            -0.0627539025647741,
            -0.4721151292523368,
            -0.5018610746647921,
            1.3604587862107838,
            0.5996071826862527,
            -0.04769238036132136,
            -0.8370914980968562,
            -0.06740266954701392,
            0.024826500064033575,
            0.4489984343561056,
            -0.8274187099024407,
            -0.339183588780924,
            -0.7199150412948394,
            -0.6682518560841962,
            0.20072209966214066,
            0.18499303977776765,
            -0.03791456877603511,
            0.22912112776011814,
            -0.5739275949583051,
            0.6118549441395575,
            -0.4816473001386143,
            0.18120689335660842,
            0.21582368474916924,
            -0.47228421229393014,
            0.3685537511093755,
            0.15055374282206277,
            0.4685036729962543,
            0.1203353407057854,
            -0.5159137842132115,
            0.1577469294954786,
            -0.1910450027172585,
            0.27759020638987225,
            -0.3490725461390417,
            -0.14255248905463055,
            0.18486470005360503,
            -0.11558190796924088,
            -0.5198372968442787,
            -0.33097082087909435,
            -0.4719646122855818,
            0.8602242080893986,
            0.2684411045546598,
            0.3979874546454652,
            -0.06481564034266378,
            0.4831766354312427,
            -0.5251471992987231,
            0.5129193656563353,
            0.5043170264925575,
            0.5225955742847019,
            0.4355576291781062,
            0.1355783917556422,
            -0.36901685545498797,
            -0.09563961907944947,
            -0.4563972610339926,
            0.7740218340813693,
            -0.026762239823336285,
            -0.5566440709437935,
            0.20061740798282102,
            0.08924349236725522,
            -0.05094378450643665,
            1.803639911633618e-05,
            0.005411583834882804,
            0.009577823587835411,
            -0.16993341239264712,
            0.020711223494653524,
            0.03869254031283132,
            -0.0495731358908746,
            -0.6684844063930668,
            0.13465871185165681,
            -0.5858467607448411,
            0.020068022259471626,
            -0.2251163591178929,
            0.15187408693837234,
            0.10974520472658625,
            0.003428043415742168,
            -0.0076648151805695465,
            -0.14794330650364637,
            -0.463422556675023,
            0.025294254595243756,
            0.028982367682866585,
            -7.380398528541219e-05,
            0.03199110576882781,
            -0.6473661094035749,
            -0.18800770607969947,
            -0.3267412125543782,
            0.9141945378361684,
            -0.2519951491708673,
            -0.7705565127388674,
            2.059890358747094e-05,
            -6.678055700858442e-06,
            -0.0020160539962827888,
            0.027575015977058148,
            0.02190887550454865,
            1.8366656717283296e-05,
            -0.2999628395427371,
            0.02830518601419541,
            -0.2993257904266906,
            0.007059671136273979,
            0.04093539757284915,
            0.24505899825792754,
            0.04105691309108368,
            -0.24843537230000856,
            -0.6320830457981278,
            -0.2139090362168834,
            -0.22938926207062005,
            0.16851516042544049,
            0.6381584438848716,
            -0.10699413277771132,
            -0.12045859091688016,
            0.17623132203592648,
            -0.4033872095776393,
            0.2289843359486622,
            -0.07031778558349552,
            -0.18780795234481426,
            0.16062115807928046,
            -0.5400971585925232,
            0.17640714857280565,
            -0.31165580203304144,
            0.017564681073615,
            -0.010846643810020066,
            0.17340655402777364,
            0.0022862174363897756,
            -0.7827476550833102,
            0.019606609857874806,
            0.051722942995814904,
            -0.17875657626190344,
            -0.7816077259073055,
            -1.0382292146929217,
            0.8733755395115667,
            -0.11270150085116988,
            0.16110316095240343,
            1.2014869718440035,
            0.4275449908112307,
            -0.7821485692391305,
            0.7097762217536964,
            0.054707231185397276,
            -0.6720584157313927,
            -0.5917092042009462,
            0.2879759392785598,
            0.023446587787594547,
            -0.6641766744453085,
            0.47143130564671704,
            0.07329134311153697,
            0.07166690737622564,
            -0.1615065284821495,
            0.6820879746259185,
            -0.3388542870637494,
            0.6542020894888217,
            0.029335844512623607,
            0.09547874733970324,
            0.13399357682220134,
            0.14375665549698258,
            -0.3572243861830091,
            0.20781215648656895,
            -0.12799303335620638,
            0.6133022143506595,
            0.013938918793191942,
            -0.7138598341380065,
            0.22921494903425207,
            0.5972439825211631,
            0.01655782849809078,
            0.22002921164533912,
            0.061357493097689106,
            -0.29321540069644386,
            0.0918209624729918,
            0.2847140183915277,
            -0.3290355256035204,
            -0.1563656692270058,
            0.8273293595228672,
            0.5343493343963196,
            -0.38011424918677744,
            1.1197437052393333,
            0.47779857841636697,
            0.02890588664880607,
            0.5391132695211655,
            -1.1368764619679685,
            -0.07563773705195587,
            0.06947270347999661,
            0.23819301612957516,
            -1.0418012764315046,
            0.8663031142878758,
            0.4298755855779158,
            0.38650208137828174,
            0.5776181114660647,
            -0.3694643310659118,
            -0.09634212811916396,
            -0.14661936225033037,
            0.1033463484790383,
            0.04643563906451304,
            -0.04873652761667821,
            -0.07965533845412363,
            0.07494799811860597,
            -0.05168405447364152,
            -1.0291936376352369,
            0.5183170401797402,
            0.28956905658624377,
            0.12063686390963058,
            -0.5151057253601197,
            0.47163512405313346,
            -0.5933650524567033,
            0.0718826911255386,
            0.6715835972188664,
            -0.49361737026457314,
            0.1563098752810822,
            0.7712776196544041,
            0.1396531700835624,
            0.9860088997667313,
            0.11966456611302555,
            -0.3922784639963919,
            -0.019314191274460234,
            -0.06740266954701392,
            -0.6975738348490984,
            0.9397106904467734,
            -0.22179715165385638,
            -0.034192817037520334,
            0.16167993114443036,
            -0.36947930650840477,
            0.19394626226987038,
            -0.5960020961789383,
            0.8702923056023164,
            -0.2881433225172408
        ],
        "interceptStderr": null,
        "interceptTstat": null,
        "interceptPvalue": null,
        "interceptCoef": -0.01385311309490863,
        "rescaledCoefs": [
            -0.0018430987018663155,
            -0.0018592898461123294,
            0.00023215755250918785,
            0.0005130617333517116,
            -0.0013379264128612854,
            0.0005479967191574866,
            -0.010848768114178816,
            0.3097558548295301,
            -0.2562062983762871,
            -0.06740266954701392,
            -0.2411463313233274,
            0.15852294542318707,
            -0.17742060727592834,
            0.24619088008208634,
            -0.0627539025647741,
            -0.4721151292523368,
            -0.5018610746647921,
            1.3604587862107838,
            0.5996071826862527,
            -0.04769238036132136,
            -0.8370914980968562,
            -0.06740266954701392,
            0.024826500064033575,
            0.4489984343561056,
            -0.8274187099024407,
            -0.339183588780924,
            -0.7199150412948394,
            -0.6682518560841962,
            0.20072209966214066,
            0.18499303977776765,
            -0.03791456877603511,
            0.22912112776011814,
            -0.5739275949583051,
            0.6118549441395575,
            -0.4816473001386143,
            0.18120689335660842,
            0.21582368474916924,
            -0.47228421229393014,
            0.3685537511093755,
            0.15055374282206277,
            0.4685036729962543,
            0.1203353407057854,
            -0.5159137842132115,
            0.1577469294954786,
            -0.1910450027172585,
            0.27759020638987225,
            -0.3490725461390417,
            -0.14255248905463055,
            0.18486470005360503,
            -0.11558190796924088,
            -0.5198372968442787,
            -0.33097082087909435,
            -0.4719646122855818,
            0.8602242080893986,
            0.2684411045546598,
            0.3979874546454652,
            -0.06481564034266378,
            0.4831766354312427,
            -0.5251471992987231,
            0.5129193656563353,
            0.5043170264925575,
            0.5225955742847019,
            0.4355576291781062,
            0.1355783917556422,
            -0.36901685545498797,
            -0.09563961907944947,
            -0.4563972610339926,
            0.7740218340813693,
            -0.026762239823336285,
            -0.5566440709437935,
            0.20061740798282102,
            0.08924349236725522,
            -0.05094378450643665,
            1.803639911633618e-05,
            0.005411583834882804,
            0.009577823587835411,
            -0.16993341239264712,
            0.020711223494653524,
            0.03869254031283132,
            -0.0495731358908746,
            -0.6684844063930668,
            0.13465871185165681,
            -0.5858467607448411,
            0.020068022259471626,
            -0.2251163591178929,
            0.15187408693837234,
            0.10974520472658625,
            0.003428043415742168,
            -0.0076648151805695465,
            -0.14794330650364637,
            -0.463422556675023,
            0.025294254595243756,
            0.028982367682866585,
            -7.380398528541219e-05,
            0.03199110576882781,
            -0.6473661094035749,
            -0.18800770607969947,
            -0.3267412125543782,
            0.9141945378361684,
            -0.2519951491708673,
            -0.7705565127388674,
            2.059890358747094e-05,
            -6.678055700858442e-06,
            -0.0020160539962827888,
            0.027575015977058148,
            0.02190887550454865,
            1.8366656717283296e-05,
            -0.2999628395427371,
            0.02830518601419541,
            -0.2993257904266906,
            0.007059671136273979,
            0.04093539757284915,
            0.24505899825792754,
            0.04105691309108368,
            -0.24843537230000856,
            -0.6320830457981278,
            -0.2139090362168834,
            -0.22938926207062005,
            0.16851516042544049,
            0.6381584438848716,
            -0.10699413277771132,
            -0.12045859091688016,
            0.17623132203592648,
            -0.4033872095776393,
            0.2289843359486622,
            -0.07031778558349552,
            -0.18780795234481426,
            0.16062115807928046,
            -0.5400971585925232,
            0.17640714857280565,
            -0.31165580203304144,
            0.017564681073615,
            -0.010846643810020066,
            0.17340655402777364,
            0.0022862174363897756,
            -0.7827476550833102,
            0.019606609857874806,
            0.051722942995814904,
            -0.17875657626190344,
            -0.7816077259073055,
            -1.0382292146929217,
            0.8733755395115667,
            -0.11270150085116988,
            0.16110316095240343,
            1.2014869718440035,
            0.4275449908112307,
            -0.7821485692391305,
            0.7097762217536964,
            0.054707231185397276,
            -0.6720584157313927,
            -0.5917092042009462,
            0.2879759392785598,
            0.023446587787594547,
            -0.6641766744453085,
            0.47143130564671704,
            0.07329134311153697,
            0.07166690737622564,
            -0.1615065284821495,
            0.6820879746259185,
            -0.3388542870637494,
            0.6542020894888217,
            0.029335844512623607,
            0.09547874733970324,
            0.13399357682220134,
            0.14375665549698258,
            -0.3572243861830091,
            0.20781215648656895,
            -0.12799303335620638,
            0.6133022143506595,
            0.013938918793191942,
            -0.7138598341380065,
            0.22921494903425207,
            0.5972439825211631,
            0.01655782849809078,
            0.22002921164533912,
            0.061357493097689106,
            -0.29321540069644386,
            0.0918209624729918,
            0.2847140183915277,
            -0.3290355256035204,
            -0.1563656692270058,
            0.8273293595228672,
            0.5343493343963196,
            -0.38011424918677744,
            1.1197437052393333,
            0.47779857841636697,
            0.02890588664880607,
            0.5391132695211655,
            -1.1368764619679685,
            -0.07563773705195587,
            0.06947270347999661,
            0.23819301612957516,
            -1.0418012764315046,
            0.8663031142878758,
            0.4298755855779158,
            0.38650208137828174,
            0.5776181114660647,
            -0.3694643310659118,
            -0.09634212811916396,
            -0.14661936225033037,
            0.1033463484790383,
            0.04643563906451304,
            -0.04873652761667821,
            -0.07965533845412363,
            0.07494799811860597,
            -0.05168405447364152,
            -1.0291936376352369,
            0.5183170401797402,
            0.28956905658624377,
            0.12063686390963058,
            -0.5151057253601197,
            0.47163512405313346,
            -0.5933650524567033,
            0.0718826911255386,
            0.6715835972188664,
            -0.49361737026457314,
            0.1563098752810822,
            0.7712776196544041,
            0.1396531700835624,
            0.9860088997667313,
            0.11966456611302555,
            -0.3922784639963919,
            -0.019314191274460234,
            -0.06740266954701392,
            -0.6975738348490984,
            0.9397106904467734,
            -0.22179715165385638,
            -0.034192817037520334,
            0.16167993114443036,
            -0.36947930650840477,
            0.19394626226987038,
            -0.5960020961789383,
            0.8702923056023164,
            -0.2881433225172408
        ],
        "rescaledInterceptCoef": 1.2932344903337434
    },
    "probaAware": true
}