{
  "state": "DONE",
  "preSearchDescription": {
    "gridLength": 5,
    "searchStrategy": "GRID",
    "importantParams": [
      {
        "name": "penalty",
        "vals": [
          "l2"
        ]
      },
      {
        "name": "C",
        "vals": [
          "0.01",
          "0.1",
          "1.0",
          "10.0",
          "100.0"
        ]
      }
    ]
  },
  "postSearchDescription": {
    "importantParams": [
      {
        "name": "C",
        "val": "1.0"
      },
      {
        "name": "penalty",
        "val": "l2"
      }
    ]
  },
  "resumed": false,
  "timeOrderingEnabled": false,
  "sampleWeightsEnabled": false,
  "modelId": "m1",
  "progress": {
    "top_level_todo": [],
    "stack": [],
    "top_level_done": [
      {
        "name": "Loading train set",
        "time": 84
      },
      {
        "name": "Loading test set",
        "time": 21
      },
      {
        "name": "Collecting statistics",
        "time": 57
      },
      {
        "name": "Preprocessing train set",
        "time": 125
      },
      {
        "name": "Preprocessing test set",
        "time": 38
      },
      {
        "name": "Hyperparameter searching",
        "time": 8838
      },
      {
        "name": "Fitting model",
        "time": 44
      },
      {
        "name": "Saving model",
        "time": 17
      },
      {
        "name": "Scoring model",
        "time": 5485
      },
      {
        "name": "Preparing explainability",
        "time": 8858
      }
    ]
  },
  "startTime": 1706690830433,
  "endTime": 1706690854117,
  "preprocessingTime": 436,
  "trainingTime": 23248,
  "hyperparamsSearchTime": 8838,
  "pythonVersion": "3.6.8"
}