{
    "perClassFacts": {
        "unique": {
            "CryoSleep": {
                "impact": 0.6450004535839329,
                "rank": 1,
                "feature": "CryoSleep",
                "positiveCategoricalValue": "true",
                "negativeCategoricalValue": "false",
                "infoGain": 0.6268694575724263,
                "type": "CATEGORICAL"
            },
            "Spa": {
                "impact": 0.21889741017567013,
                "rank": 3,
                "feature": "Spa",
                "correlation": -0.8010761397645147,
                "type": "NUMERICAL"
            },
            "VRDeck": {
                "impact": 0.18446604586187385,
                "rank": 4,
                "feature": "VRDeck",
                "correlation": -0.7709983024172402,
                "type": "NUMERICAL"
            },
            "RoomService": {
                "impact": 0.18339159041210856,
                "rank": 5,
                "feature": "RoomService",
                "correlation": -0.7159128409659977,
                "type": "NUMERICAL"
            },
            "Cabin": {
                "impact": 0.011046934294273343,
                "rank": 14,
                "feature": "Cabin",
                "positiveCategoricalValue": "A/42/S",
                "negativeCategoricalValue": "",
                "infoGain": 0.636320190938571,
                "type": "CATEGORICAL"
            },
            "Name": {
                "impact": 0.0021550485635146973,
                "rank": 15,
                "feature": "Name",
                "positiveCategoricalValue": "",
                "negativeCategoricalValue": "Achium Pokematic",
                "infoGain": 0.6931471805599453,
                "type": "CATEGORICAL"
            }
        }
    }
}