{
    "startedAt": 1706690831437,
    "gridSize": 2,
    "nThreads": 4,
    "nSplits": 5,
    "metric": "ROC_AUC",
    "timeout": null,
    "gridPoints": [
        {
            "finishedAt": 1706690837384,
            "score": 0.8441840801679148,
            "testScoreGibMean": 0.8441840801679148,
            "testScoreMean": 0.8441840801679148,
            "testScoreStd": 0.011528291310395776,
            "trainScoreMean": 0.8669169560044319,
            "trainScoreStd": 0.002353986803730133,
            "time": 14228,
            "fitTimeMean": 2235.2,
            "fitTimeStd": 43.2268435118735,
            "scoreTimeMean": 610.4,
            "scoreTimeStd": 257.3818952451784,
            "parameters": {
                "max_depth": 6,
                "max_features": "auto",
                "min_samples_leaf": 1,
                "n_estimators": 100,
                "min_samples_split": 3
            }
        },
        {
            "finishedAt": 1706690839460,
            "score": 0.8756472242700127,
            "testScoreGibMean": 0.8756472242700127,
            "testScoreMean": 0.8756472242700127,
            "testScoreStd": 0.010729132901620461,
            "trainScoreMean": 0.9560675344726379,
            "trainScoreStd": 0.00026352216187311547,
            "time": 15525,
            "fitTimeMean": 2356.4,
            "fitTimeStd": 923.2595734678304,
            "scoreTimeMean": 748.6,
            "scoreTimeStd": 391.38502781787656,
            "parameters": {
                "max_depth": 14,
                "max_features": "auto",
                "min_samples_leaf": 1,
                "n_estimators": 100,
                "min_samples_split": 3
            }
        }
    ]
}