[
    {
        "test_score_gib": 0.8418983039979482,
        "train_score": 0.8653605931052875,
        "test_score": 0.8418983039979482,
        "num_samples": 1117,
        "fit_time": 2272,
        "score_time": 595,
        "time": 2867,
        "parameters": {
            "max_depth": 6,
            "max_features": "auto",
            "min_samples_leaf": 1,
            "n_estimators": 100,
            "min_samples_split": 3
        },
        "done_at": 1706690834379,
        "split_id": 0
    },
    {
        "test_score_gib": 0.8425074193506945,
        "train_score": 0.8670278358414637,
        "test_score": 0.8425074193506945,
        "num_samples": 1116,
        "fit_time": 2169,
        "score_time": 399,
        "time": 2568,
        "parameters": {
            "max_depth": 6,
            "max_features": "auto",
            "min_samples_leaf": 1,
            "n_estimators": 100,
            "min_samples_split": 3
        },
        "done_at": 1706690834080,
        "split_id": 1
    },
    {
        "test_score_gib": 0.8461978236571296,
        "train_score": 0.8698230226880967,
        "test_score": 0.8461978236571296,
        "num_samples": 1116,
        "fit_time": 2270,
        "score_time": 542,
        "time": 2812,
        "parameters": {
            "max_depth": 6,
            "max_features": "auto",
            "min_samples_leaf": 1,
            "n_estimators": 100,
            "min_samples_split": 3
        },
        "done_at": 1706690834326,
        "split_id": 2
    },
    {
        "test_score_gib": 0.8271291288204838,
        "train_score": 0.8689934697674382,
        "test_score": 0.8271291288204838,
        "num_samples": 1116,
        "fit_time": 2267,
        "score_time": 413,
        "time": 2680,
        "parameters": {
            "max_depth": 6,
            "max_features": "auto",
            "min_samples_leaf": 1,
            "n_estimators": 100,
            "min_samples_split": 3
        },
        "done_at": 1706690834195,
        "split_id": 3
    },
    {
        "test_score_gib": 0.8632068186644529,
        "train_score": 0.8633780821763886,
        "test_score": 0.8632068186644529,
        "num_samples": 1115,
        "fit_time": 2198,
        "score_time": 1103,
        "time": 3301,
        "parameters": {
            "max_depth": 6,
            "max_features": "auto",
            "min_samples_leaf": 1,
            "n_estimators": 100,
            "min_samples_split": 3
        },
        "done_at": 1706690837384,
        "split_id": 4
    },
    {
        "test_score_gib": 0.8776361771023692,
        "train_score": 0.955884520716752,
        "test_score": 0.8776361771023692,
        "num_samples": 1117,
        "fit_time": 3170,
        "score_time": 923,
        "time": 4093,
        "parameters": {
            "max_depth": 14,
            "max_features": "auto",
            "min_samples_leaf": 1,
            "n_estimators": 100,
            "min_samples_split": 3
        },
        "done_at": 1706690838291,
        "split_id": 0
    },
    {
        "test_score_gib": 0.8719632051594999,
        "train_score": 0.9558103733359511,
        "test_score": 0.8719632051594999,
        "num_samples": 1116,
        "fit_time": 3060,
        "score_time": 1096,
        "time": 4156,
        "parameters": {
            "max_depth": 14,
            "max_features": "auto",
            "min_samples_leaf": 1,
            "n_estimators": 100,
            "min_samples_split": 3
        },
        "done_at": 1706690838484,
        "split_id": 1
    },
    {
        "test_score_gib": 0.8770539717615016,
        "train_score": 0.9565611362937885,
        "test_score": 0.8770539717615016,
        "num_samples": 1116,
        "fit_time": 3086,
        "score_time": 1110,
        "time": 4196,
        "parameters": {
            "max_depth": 14,
            "max_features": "auto",
            "min_samples_leaf": 1,
            "n_estimators": 100,
            "min_samples_split": 3
        },
        "done_at": 1706690838579,
        "split_id": 2
    },
    {
        "test_score_gib": 0.8591206624099079,
        "train_score": 0.9560762518219552,
        "test_score": 0.8591206624099079,
        "num_samples": 1116,
        "fit_time": 1389,
        "score_time": 524,
        "time": 1913,
        "parameters": {
            "max_depth": 14,
            "max_features": "auto",
            "min_samples_leaf": 1,
            "n_estimators": 100,
            "min_samples_split": 3
        },
        "done_at": 1706690839299,
        "split_id": 3
    },
    {
        "test_score_gib": 0.8924754017130319,
        "train_score": 0.9560054985978615,
        "test_score": 0.8924754017130319,
        "num_samples": 1115,
        "fit_time": 1077,
        "score_time": 90,
        "time": 1167,
        "parameters": {
            "max_depth": 14,
            "max_features": "auto",
            "min_samples_leaf": 1,
            "n_estimators": 100,
            "min_samples_split": 3
        },
        "done_at": 1706690839460,
        "split_id": 4
    }
]