{
    "modelInputNRows": 5580,
    "modelInputNCols": 243,
    "modelInputIsSparse": false,
    "modelInputMemory": 10847520,
    "usedGridSearch": true,
    "gridSize": 2,
    "gridBestScore": 0.8756472242700127,
    "gridCells": [
        {
            "params": {
                "max_depth": 6,
                "max_features": "auto",
                "min_samples_leaf": 1,
                "n_estimators": 100,
                "min_samples_split": 3
            },
            "score": 0.8441840801679148,
            "scoreStd": 0.011528291310395776,
            "fitTime": 2.2352,
            "fitTimeStd": 0.043226843511873496,
            "scoreTime": 0.6103999999999999,
            "scoreTimeStd": 0.2573818952451784
        },
        {
            "params": {
                "max_depth": 14,
                "max_features": "auto",
                "min_samples_leaf": 1,
                "n_estimators": 100,
                "min_samples_split": 3
            },
            "score": 0.8756472242700127,
            "scoreStd": 0.010729132901620461,
            "fitTime": 2.3564000000000003,
            "fitTimeStd": 0.9232595734678304,
            "scoreTime": 0.7486,
            "scoreTimeStd": 0.39138502781787654
        }
    ],
    "rawImportance": {
        "variables": [
            "VRDeck",
            "Spa",
            "Cabin_1",
            "FoodCourt",
            "RoomService",
            "ShoppingMall",
            "Age",
            "dummy:Cabin_2:S",
            "dummy:Cabin_2:P",
            "dummy:Cabin_2:N/A",
            "dummy:Destination:TRAPPIST-1e",
            "dummy:Destination:55 Cancri e",
            "dummy:Destination:PSO J318.5-22",
            "dummy:Destination:N/A",
            "dummy:Cabin_0:F",
            "dummy:Cabin_0:G",
            "dummy:Cabin_0:E",
            "dummy:Cabin_0:C",
            "dummy:Cabin_0:B",
            "dummy:Cabin_0:D",
            "dummy:Cabin_0:A",
            "dummy:Cabin_0:T",
            "dummy:Cabin_0:N/A",
            "dummy:Name:Alraium Disivering",
            "dummy:Name:Glena Hahnstonsen",
            "dummy:Name:Troya Schwardson",
            "dummy:Name:Loree Wolfernan",
            "dummy:Name:Cuses Pread",
            "dummy:Name:Glenna Valezaley",
            "dummy:Name:Gwendy Sykess",
            "dummy:Name:Ankalik Nateansive",
            "dummy:Name:Sus Coolez",
            "dummy:Name:Grake Porki",
            "dummy:Name:Anton Woody",
            "dummy:Name:Elaney Webstephrey",
            "dummy:Name:Keitha Josey",
            "dummy:Name:Mondax Mesty",
            "dummy:Name:Morms Cheen",
            "dummy:Name:Moniey Powenoble",
            "dummy:Name:Molley Rossey",
            "dummy:Name:Molley Hurles",
            "dummy:Name:Molley Barnolderg",
            "dummy:Name:Monkle Fone",
            "dummy:Name:Mollen Lewintos",
            "dummy:Name:Morms Gine",
            "dummy:Name:Moniey Lambucketty",
            "dummy:Name:Morms Melte",
            "dummy:Name:Morny Gerin",
            "dummy:Name:Mollen Bookst",
            "dummy:Name:Mits Pota",
            "dummy:Name:Mites Sacre",
            "dummy:Name:Miten Kniva",
            "dummy:Name:Mollie Tersimpson",
            "dummy:Name:Mon Lamberguson",
            "dummy:Name:Mondax Botie",
            "dummy:Name:Monah Villenson",
            "dummy:Name:Money Sache",
            "dummy:Name:Monch Buth",
            "dummy:Name:Monard Walterson",
            "dummy:Name:Monard Jenkinnedy",
            "dummy:Name:Monard Hammonton",
            "dummy:Name:Monard Cartez",
            "dummy:Name:Monah Pittson",
            "dummy:Name:Moniey Hopperett",
            "dummy:Name:Miten Hotte",
            "dummy:Name:Monah Harry",
            "dummy:Name:Monah Gambs",
            "dummy:Name:Moniey Bradamss",
            "dummy:Name:Mon Marson",
            "dummy:Name:Mon Lapie",
            "dummy:Name:Monah Hickett",
            "dummy:Name:Mistie Cardners",
            "dummy:Name:Mitch Vloaf",
            "dummy:Name:Minnys Stit\u00e9",
            "dummy:Name:Minopus Cattle",
            "dummy:Name:Minopus Bealvewd",
            "dummy:Name:Minonus Supiensive",
            "dummy:Name:Minon Invebodene",
            "dummy:Name:Minon Fouseding",
            "dummy:Name:Minoces Myling",
            "dummy:Name:Mino Unkcatted",
            "dummy:Name:Mino Hontichre",
            "dummy:Name:Minkark Motled",
            "dummy:Name:Mistie Leonaldez",
            "dummy:Name:Minkark Mosteraked",
            "dummy:Name:Minies Dan",
            "dummy:Name:Minies Curle",
            "dummy:Name:Ming Sinda",
            "dummy:Name:Minchib Asticit",
            "dummy:Name:Min Parrett",
            "dummy:Name:Min Nichoan",
            "dummy:Name:Min Alfordonard",
            "dummy:Name:Minopus Oilpfulle",
            "dummy:Name:Minoton Cralinal",
            "dummy:Name:Minoton Hednigic",
            "dummy:Name:Minoton Pirejus",
            "dummy:Name:Morrie Mcbriddley",
            "dummy:Name:Misamak Fanchy",
            "dummy:Name:Misadr Ticagent",
            "dummy:Name:Misa Excialing",
            "dummy:Name:Mirfark Taketiatim",
            "dummy:Name:Mirfark Geousty",
            "dummy:Name:Mirfark Anderking",
            "dummy:Name:Mirark Unhearfus",
            "dummy:Name:Mirark Scoudelle",
            "dummy:Name:Mirark Fuelisent",
            "dummy:Name:Mirakis Dynatic",
            "dummy:Name:Mirakis Amincrerus",
            "dummy:Name:Mira Farleyatton",
            "dummy:Name:Minus Roforhauge",
            "dummy:Name:Mintard Guloofant",
            "dummy:Name:Minoton Surind",
            "dummy:Name:Minoton Radisiouss",
            "dummy:Name:Morrie Gamberson",
            "dummy:Name:Moth Cowtale",
            "dummy:Name:Morrie Sweekstarks",
            "dummy:Name:Nancey Pooles",
            "dummy:Name:Nancey Burchard",
            "dummy:Name:Nancey Bookerson",
            "dummy:Name:Nance Rigginsen",
            "dummy:Name:Nance Reenon",
            "dummy:Name:Nance Morelly",
            "dummy:Name:Nance Flemaney",
            "dummy:Name:N/A",
            "dummy:Name:__Others__",
            "dummy:Cabin:C/82/P",
            "dummy:Cabin:G/230/S",
            "dummy:Cabin:G/150/S",
            "dummy:Cabin:B/11/S",
            "dummy:Cabin:G/109/P",
            "dummy:Cabin:E/13/S",
            "dummy:Cabin:C/158/S",
            "dummy:Cabin:F/1194/P",
            "dummy:Cabin:C/255/S",
            "dummy:Cabin:G/732/S",
            "dummy:Cabin:B/62/S",
            "dummy:Cabin:C/42/P",
            "dummy:Cabin:C/21/P",
            "dummy:Cabin:C/176/S",
            "dummy:Cabin:G/1267/P",
            "dummy:Cabin:G/1368/P",
            "dummy:Cabin:B/201/P",
            "dummy:Cabin:G/117/S",
            "dummy:Cabin:F/859/P",
            "dummy:Cabin:F/1808/P",
            "dummy:Cabin:D/288/P",
            "dummy:Cabin:G/981/S",
            "dummy:Cabin:C/230/S",
            "dummy:Cabin:C/235/P",
            "dummy:Cabin:G/1015/P",
            "dummy:Cabin:G/1498/P",
            "dummy:Cabin:G/602/P",
            "dummy:Cabin:G/636/P",
            "dummy:Cabin:E/56/S",
            "dummy:Cabin:C/225/P",
            "dummy:Cabin:G/655/P",
            "dummy:Cabin:A/59/P",
            "dummy:Cabin:A/57/P",
            "dummy:Cabin:C/18/P",
            "dummy:Cabin:G/1032/P",
            "dummy:Cabin:G/657/P",
            "dummy:Cabin:G/1460/S",
            "dummy:Cabin:G/1313/S",
            "dummy:Cabin:B/183/S",
            "dummy:Cabin:B/19/S",
            "dummy:Cabin:E/82/P",
            "dummy:Cabin:B/229/P",
            "dummy:Cabin:G/1364/P",
            "dummy:Cabin:B/121/S",
            "dummy:Cabin:B/277/S",
            "dummy:Cabin:G/765/S",
            "dummy:Cabin:F/1704/S",
            "dummy:Cabin:G/757/P",
            "dummy:Cabin:B/47/P",
            "dummy:Cabin:F/1050/P",
            "dummy:Cabin:B/65/P",
            "dummy:Cabin:B/7/S",
            "dummy:Cabin:C/249/S",
            "dummy:Cabin:G/1476/S",
            "dummy:Cabin:E/426/P",
            "dummy:Cabin:F/972/P",
            "dummy:Cabin:G/450/S",
            "dummy:Cabin:D/176/S",
            "dummy:Cabin:G/994/S",
            "dummy:Cabin:C/95/S",
            "dummy:Cabin:C/91/P",
            "dummy:Cabin:C/65/S",
            "dummy:Cabin:D/56/P",
            "dummy:Cabin:C/329/S",
            "dummy:Cabin:G/37/P",
            "dummy:Cabin:G/974/P",
            "dummy:Cabin:G/469/P",
            "dummy:Cabin:C/319/S",
            "dummy:Cabin:F/151/S",
            "dummy:Cabin:G/186/S",
            "dummy:Cabin:G/330/P",
            "dummy:Cabin:F/862/S",
            "dummy:Cabin:F/856/P",
            "dummy:Cabin:F/1387/P",
            "dummy:Cabin:F/1838/P",
            "dummy:Cabin:B/291/P",
            "dummy:Cabin:G/1108/P",
            "dummy:Cabin:B/300/P",
            "dummy:Cabin:F/868/P",
            "dummy:Cabin:F/1711/P",
            "dummy:Cabin:G/439/P",
            "dummy:Cabin:G/1087/S",
            "dummy:Cabin:B/171/P",
            "dummy:Cabin:G/1396/P",
            "dummy:Cabin:G/26/P",
            "dummy:Cabin:G/1402/P",
            "dummy:Cabin:B/43/P",
            "dummy:Cabin:E/0/S",
            "dummy:Cabin:D/124/P",
            "dummy:Cabin:B/59/P",
            "dummy:Cabin:B/61/S",
            "dummy:Cabin:G/1316/S",
            "dummy:Cabin:E/352/P",
            "dummy:Cabin:D/68/P",
            "dummy:Cabin:G/283/S",
            "dummy:Cabin:D/227/P",
            "dummy:Cabin:G/857/P",
            "dummy:Cabin:B/185/P",
            "dummy:Cabin:B/203/P",
            "dummy:Cabin:G/377/P",
            "dummy:Cabin:N/A",
            "dummy:Cabin:__Others__",
            "dummy:HomePlanet:Earth",
            "dummy:HomePlanet:Europa",
            "dummy:HomePlanet:Mars",
            "dummy:HomePlanet:N/A",
            "dummy:VIP:false",
            "dummy:VIP:true",
            "dummy:VIP:N/A",
            "dummy:CryoSleep:false",
            "dummy:CryoSleep:true",
            "dummy:CryoSleep:N/A"
        ],
        "importances": [
            0.09429451062060645,
            0.09468065502638379,
            0.05459320725396965,
            0.08082066511053933,
            0.09970641255315213,
            0.060188054973195355,
            0.059806972158761525,
            0.011929116818233491,
            0.01067382394860445,
            0.0010413751380570569,
            0.009650472391679637,
            0.008126143147951242,
            0.0058053305032574245,
            0.0028135609147898967,
            0.015113105926201196,
            0.012959906297458534,
            0.00959853916363721,
            0.007376847786936987,
            0.01092415873160242,
            0.0030341056674531657,
            0.001875939147334373,
            0.00013722704996602488,
            0.0009236636377478622,
            4.987590434775049e-05,
            3.316057377539139e-05,
            0.0003344708203320858,
            9.180197634872235e-05,
            0.00015934532819638253,
            0.00019572729627809405,
            0.00034843516059292234,
            0.00016348725751773804,
            0.00035643782183544044,
            0.00012048742785873274,
            8.926269611627392e-05,
            0.000133659152908336,
            9.966395710461782e-05,
            4.633826956039282e-06,
            0.00010465119422049393,
            0.00010678307176971196,
            3.7717349718094e-05,
            6.568043624518206e-05,
            8.153782651625899e-05,
            3.8099196521227066e-06,
            4.261817851170519e-05,
            3.3624018424169276e-05,
            4.8905698053731945e-05,
            4.1169364910038674e-05,
            4.779406030158151e-05,
            2.629009247294509e-05,
            3.854127828263065e-06,
            4.503178935131702e-05,
            0.00011774802358396446,
            2.722402092999171e-05,
            0.0001596663501610426,
            0.0003210378050166411,
            0.0001506298005633759,
            0.0002307053223066577,
            9.39217763147296e-05,
            0.00017679757238839262,
            4.664772578784321e-05,
            5.0647772056211454e-05,
            0.00013442677656394413,
            0.00010670300116573533,
            0.00017576164041642546,
            2.3621317065475857e-05,
            8.583697007165714e-05,
            1.1422315382345987e-05,
            4.330814714637912e-05,
            0.00015851259087596947,
            1.541550699524854e-05,
            0.00018134812789538562,
            2.6055189618998804e-05,
            6.293080248706611e-06,
            5.972479070828109e-05,
            4.251023027549693e-05,
            1.0191055509084587e-05,
            1.587750255941545e-06,
            5.4497103953763786e-05,
            1.7517162569517037e-05,
            4.534279934910224e-05,
            3.4923462346338697e-06,
            2.7167540661822156e-05,
            2.447270307580128e-05,
            0.00019672810163673794,
            2.0700301508610025e-05,
            8.043471062113245e-06,
            1.597381728076908e-05,
            1.108166097691081e-05,
            0.00010263080874285225,
            2.9313172040296382e-05,
            4.2051338197158315e-05,
            5.830519321153546e-05,
            1.1845366640544762e-05,
            0.00010574246716131817,
            1.7034539662480092e-05,
            5.158865189632626e-06,
            0.00013391640975453833,
            7.088146578249114e-06,
            5.599466616352082e-05,
            0.00012374344022209895,
            4.148934040360568e-05,
            0.0004013613674088341,
            4.356608463793484e-05,
            5.159124740637915e-05,
            3.035924185017089e-05,
            2.796906445076319e-05,
            2.258095049895495e-06,
            3.0976187622167534e-05,
            1.3200461022300534e-05,
            7.605345777399993e-08,
            6.161585817698347e-05,
            4.0512512434669797e-07,
            1.2944637187911726e-05,
            1.886462382467999e-05,
            0.00013543193449002829,
            1.2773614089508774e-05,
            0.0002536117053222451,
            3.765187180201992e-05,
            2.1015514088066233e-05,
            2.4640673517589978e-05,
            0.00018353192159055353,
            3.871701390402138e-05,
            4.246886806500817e-05,
            0.003068091279804217,
            0.004037663079085654,
            0.0001564075890931033,
            0.0002312038429191404,
            0.00017709689484570856,
            0.00015789294351879264,
            0.0002352075293319348,
            0.0002538075539213338,
            0.00031159172050225275,
            0.00019592062498032976,
            0.000255110824780695,
            0.0001929316364412573,
            0.00033092704232538686,
            6.438359355711193e-05,
            0.00023482834369255474,
            0.00014536140260156357,
            0.00023866333751694412,
            0.00029629873158029847,
            0.00015517223084896204,
            0.0004914849555641449,
            0.0004177343105138778,
            0.00019721147906747894,
            0.00017694678160474413,
            0.000491504924300216,
            0.00020571588711053824,
            0.00024679531167223203,
            0.00025087507532235167,
            9.022038056746319e-05,
            0.0006409006947075127,
            0.00032236947231808555,
            6.352752824991552e-05,
            7.114233270378376e-05,
            0.0004459576660925624,
            4.246260080903896e-05,
            0.00019031231241804596,
            6.54550145513961e-05,
            0.00018353635886639178,
            0.0001791941677591966,
            0.00035523505121137707,
            0.0001821558335941393,
            9.600529998084907e-06,
            6.358115184832147e-05,
            0.00016966576928089002,
            7.197871969344231e-05,
            0.0001744590165835573,
            5.757929030703222e-05,
            0.00010534714725269792,
            0.0001547376761683566,
            0.000194388219727935,
            0.0003138343289344514,
            0.0002267763168058714,
            0.00014993617554940792,
            0.00010787541615806208,
            0.0002485757225489908,
            0.00013173383600951463,
            0.0001862098920147825,
            0.00010318174748383126,
            9.19351403134616e-06,
            0.00019486246681396326,
            0.0001715947513175664,
            0.00028307107087052123,
            3.743499509496053e-05,
            0.00011830753643395757,
            0.0002434217074132629,
            0.0002747094115269671,
            8.815546790053971e-05,
            0.00023587413687661937,
            0.0006841509972927989,
            0.0001304991015317145,
            0.000212132971052879,
            8.0400607616397e-05,
            0.0004940271262148477,
            0.000312317286470016,
            5.1763431470754835e-05,
            6.888341379003132e-05,
            0.00012100917298498828,
            0.00012425622451896982,
            2.227649762490049e-05,
            0.00027975557770263835,
            3.3138155201269554e-05,
            7.116737495555161e-05,
            5.412949498296705e-05,
            0.00011909536952565787,
            0.00016718667598255834,
            4.094854347699466e-05,
            0.00047768349918413734,
            0.00025857204412585183,
            0.00028120193815531013,
            7.639797720289656e-05,
            0.00048202525213032483,
            0.00010832219053377699,
            9.09734921691056e-05,
            1.5052967820096618e-05,
            0.0001976139146931821,
            0.00031857778864192256,
            2.9363858054446767e-05,
            0.0002611096690664787,
            3.8726648121823715e-05,
            0.0002321707251789341,
            0.00018251267750107482,
            3.033745756180177e-05,
            5.8183879133916186e-05,
            0.0010924661436713997,
            0.004473683660451689,
            0.030699674046060964,
            0.021075797485482294,
            0.015482228353230564,
            0.002176861498176202,
            0.003939253161344136,
            0.002695371485742481,
            0.003093489327888779,
            0.09884518042395399,
            0.12187811111986624,
            0.004160718056129609
        ]
    },
    "probaAware": true
}