{
  "state": "DONE",
  "preSearchDescription": {
    "gridLength": 2,
    "searchStrategy": "GRID",
    "importantParams": [
      {
        "name": "trees",
        "vals": [
          "100"
        ]
      },
      {
        "name": "depth",
        "vals": [
          "6",
          "14"
        ]
      },
      {
        "name": "min_samples",
        "vals": [
          "1"
        ]
      }
    ]
  },
  "postSearchDescription": {
    "importantParams": [
      {
        "name": "trees",
        "val": "100"
      },
      {
        "name": "depth",
        "val": "14"
      },
      {
        "name": "min_samples",
        "val": "1"
      }
    ]
  },
  "resumed": false,
  "timeOrderingEnabled": false,
  "sampleWeightsEnabled": false,
  "modelId": "m1",
  "progress": {
    "top_level_todo": [],
    "stack": [],
    "top_level_done": [
      {
        "name": "Loading train set",
        "time": 71
      },
      {
        "name": "Loading test set",
        "time": 20
      },
      {
        "name": "Collecting statistics",
        "time": 56
      },
      {
        "name": "Preprocessing train set",
        "time": 116
      },
      {
        "name": "Preprocessing test set",
        "time": 38
      },
      {
        "name": "Hyperparameter searching",
        "time": 8906
      },
      {
        "name": "Fitting model",
        "time": 892
      },
      {
        "name": "Saving model",
        "time": 190
      },
      {
        "name": "Scoring model",
        "time": 1248
      },
      {
        "name": "Preparing explainability",
        "time": 10966
      }
    ]
  },
  "startTime": 1706690831023,
  "endTime": 1706690853591,
  "preprocessingTime": 361,
  "trainingTime": 22207,
  "hyperparamsSearchTime": 8906,
  "pythonVersion": "3.6.8"
}