{
  "columns": [
    {"name":"PassengerId","type":"string"},
    {"name":"HomePlanet","type":"string"},
    {"name":"CryoSleep","type":"boolean"},
    {"name":"Cabin","type":"string"},
    {"name":"Cabin_0","type":"string","meaning":"Text"},
    {"name":"Cabin_1","type":"bigint"},
    {"name":"Cabin_2","type":"string"},
    {"name":"Destination","type":"string"},
    {"name":"Age","type":"double"},
    {"name":"VIP","type":"boolean"},
    {"name":"RoomService","type":"double"},
    {"name":"FoodCourt","type":"double"},
    {"name":"ShoppingMall","type":"double"},
    {"name":"Spa","type":"double"},
    {"name":"VRDeck","type":"double"},
    {"name":"Name","type":"string"},
    {"name":"Transported","type":"boolean"}
  ],
  "userModified": true
}