{
  "params": {
    "ttPolicy": "SPLIT_SINGLE_DATASET",
    "ssdSplitMode": "RANDOM",
    "splitBeforePrepare": true,
    "ssdSelection": {
      "useMemTable": false,
      "filter": {
        "distinct": false,
        "enabled": false
      },
      "partitionSelectionMethod": "ALL",
      "latestPartitionsN": 1,
      "ordering": {
        "enabled": false,
        "rules": []
      },
      "samplingMethod": "HEAD_SEQUENTIAL",
      "maxRecords": 100000,
      "targetRatio": 0.02,
      "ascending": true,
      "withinFirstN": -1,
      "maxReadUncompressedBytes": -1,
      "seed": 1337
    },
    "ssdTrainingRatio": 0.8,
    "ssdStratified": false,
    "ssdGrouped": false,
    "ssdSeed": 1337,
    "testOnLargerValues": true,
    "streamAll": false,
    "kfold": false,
    "nFolds": 5,
    "instanceIdRefresher": 0,
    "subSamplingSeed": 1337
  },
  "generationDate": 1706690819820,
  "policyId": "type\u003dSPLIT_SINGLE_DATASET,split\u003dRANDOM,splitBeforePrepare\u003dtrue,ds\u003dpassengers_train,sel\u003d(method\u003dhead-s,records\u003d100000),r\u003d0.8,s\u003d1337",
  "instanceId": "db52cd19bd8e6e144b5879869c3920af-0",
  "format": "csv1",
  "schema": {
    "columns": [
      {"name":"PassengerId","type":"string"},
      {"name":"HomePlanet","type":"string"},
      {"name":"CryoSleep","type":"boolean"},
      {"name":"Cabin","type":"string"},
      {"name":"Cabin_0","type":"string"},
      {"name":"Cabin_1","type":"bigint"},
      {"name":"Cabin_2","type":"string"},
      {"name":"Destination","type":"string"},
      {"name":"Age","type":"double"},
      {"name":"VIP","type":"boolean"},
      {"name":"RoomService","type":"double"},
      {"name":"FoodCourt","type":"double"},
      {"name":"ShoppingMall","type":"double"},
      {"name":"Spa","type":"double"},
      {"name":"VRDeck","type":"double"},
      {"name":"Name","type":"string"},
      {"name":"Transported","type":"boolean"}
    ],
    "userModified": false
  },
  "trainPath": "train.csv.gz",
  "testPath": "test.csv.gz",
  "trainRows": 5580,
  "testRows": 1375,
  "fullRows": 0
}