{
  "type": "split",
  "neverRecomputeExistingPartitions": false,
  "optionalDependencies": false,
  "customMeta": {
    "kv": {}
  },
  "redispatchPartitioning": false,
  "maxRunningActivities": 0,
  "variables": {},
  "dkuProperties": [],
  "inputs": {
    "main": {
      "items": [
        {
          "ref": "passengers_prepared",
          "deps": []
        }
      ]
    }
  },
  "outputs": {
    "main": {
      "items": [
        {
          "ref": "passengers_train",
          "appendMode": false
        },
        {
          "ref": "passengers_test",
          "appendMode": false
        }
      ]
    }
  },
  "labels": [],
  "creationTag": {
    "versionNumber": 0,
    "lastModifiedBy": {
      "login": "lecamleonie@gmail.com"
    },
    "lastModifiedOn": 1706690563473,
    "extendedProperties": {}
  },
  "tags": [],
  "customFields": {},
  "checklists": {
    "checklists": []
  }
}