{
  "pages": [
    {
      "id": "6Mc8obW",
      "grid": {
        "tiles": []
      },
      "showTitle": false,
      "enableCrossFilters": true
    }
  ],
  "owner": "lecamleonie@gmail.com",
  "listed": true,
  "name": "Spaceship Titanic LE CAM, COUCHOUD,  DE GIOVANNI\u0027s default dashboard",
  "showGrid": true,
  "reloadWhenEventReceived": false,
  "creationTag": {
    "versionNumber": 0,
    "lastModifiedBy": {
      "login": "lecamleonie@gmail.com"
    },
    "lastModifiedOn": 1706650767757,
    "extendedProperties": {}
  },
  "tags": [],
  "customFields": {},
  "checklists": {
    "checklists": []
  }
}