{
    "details": {
        "Cabin_2": {
            "levels": [
                "S",
                "P"
            ],
            "with_others": false
        },
        "Destination": {
            "levels": [
                "TRAPPIST-1e",
                "55 Cancri e",
                "PSO J318.5-22"
            ],
            "with_others": false
        },
        "Cabin_0": {
            "levels": [
                "F",
                "G",
                "E",
                "C",
                "B",
                "D",
                "A"
            ],
            "with_others": false
        },
        "Name": {
            "levels": [
                "Alraium Disivering",
                "Glena Hahnstonsen",
                "Troya Schwardson",
                "Loree Wolfernan",
                "Cuses Pread",
                "Glenna Valezaley",
                "Gwendy Sykess",
                "Ankalik Nateansive",
                "Sus Coolez",
                "Grake Porki",
                "Anton Woody",
                "Elaney Webstephrey",
                "Keitha Josey",
                "Mondax Mesty",
                "Morms Cheen",
                "Moniey Powenoble",
                "Molley Rossey",
                "Molley Hurles",
                "Molley Barnolderg",
                "Monkle Fone",
                "Mollen Lewintos",
                "Morms Gine",
                "Moniey Lambucketty",
                "Morms Melte",
                "Morny Gerin",
                "Mollen Bookst",
                "Mits Pota",
                "Mites Sacre",
                "Miten Kniva",
                "Mollie Tersimpson",
                "Mon Lamberguson",
                "Mondax Botie",
                "Monah Villenson",
                "Money Sache",
                "Monch Buth",
                "Monard Walterson",
                "Monard Jenkinnedy",
                "Monard Hammonton",
                "Monard Cartez",
                "Monah Pittson",
                "Moniey Hopperett",
                "Miten Hotte",
                "Monah Harry",
                "Monah Gambs",
                "Moniey Bradamss",
                "Mon Marson",
                "Mon Lapie",
                "Monah Hickett",
                "Mistie Cardners",
                "Mitch Vloaf",
                "Minnys Stit\u00e9",
                "Minopus Cattle",
                "Minopus Bealvewd",
                "Minonus Supiensive",
                "Minon Invebodene",
                "Minon Fouseding",
                "Minoces Myling",
                "Mino Unkcatted",
                "Mino Hontichre",
                "Minkark Motled",
                "Mistie Leonaldez",
                "Minkark Mosteraked",
                "Minies Dan",
                "Minies Curle",
                "Ming Sinda",
                "Minchib Asticit",
                "Min Parrett",
                "Min Nichoan",
                "Min Alfordonard",
                "Minopus Oilpfulle",
                "Minoton Cralinal",
                "Minoton Hednigic",
                "Minoton Pirejus",
                "Morrie Mcbriddley",
                "Misamak Fanchy",
                "Misadr Ticagent",
                "Misa Excialing",
                "Mirfark Taketiatim",
                "Mirfark Geousty",
                "Mirfark Anderking",
                "Mirark Unhearfus",
                "Mirark Scoudelle",
                "Mirark Fuelisent",
                "Mirakis Dynatic",
                "Mirakis Amincrerus",
                "Mira Farleyatton",
                "Minus Roforhauge",
                "Mintard Guloofant",
                "Minoton Surind",
                "Minoton Radisiouss",
                "Morrie Gamberson",
                "Moth Cowtale",
                "Morrie Sweekstarks",
                "Nancey Pooles",
                "Nancey Burchard",
                "Nancey Bookerson",
                "Nance Rigginsen",
                "Nance Reenon",
                "Nance Morelly",
                "Nance Flemaney"
            ],
            "with_others": false
        },
        "Cabin": {
            "levels": [
                "C/82/P",
                "G/230/S",
                "G/150/S",
                "B/11/S",
                "G/109/P",
                "E/13/S",
                "C/158/S",
                "F/1194/P",
                "C/255/S",
                "G/732/S",
                "B/62/S",
                "C/42/P",
                "C/21/P",
                "C/176/S",
                "G/1267/P",
                "G/1368/P",
                "B/201/P",
                "G/117/S",
                "F/859/P",
                "F/1808/P",
                "D/288/P",
                "G/981/S",
                "C/230/S",
                "C/235/P",
                "G/1015/P",
                "G/1498/P",
                "G/602/P",
                "G/636/P",
                "E/56/S",
                "C/225/P",
                "G/655/P",
                "A/59/P",
                "A/57/P",
                "C/18/P",
                "G/1032/P",
                "G/657/P",
                "G/1460/S",
                "G/1313/S",
                "B/183/S",
                "B/19/S",
                "E/82/P",
                "B/229/P",
                "G/1364/P",
                "B/121/S",
                "B/277/S",
                "G/765/S",
                "F/1704/S",
                "G/757/P",
                "B/47/P",
                "F/1050/P",
                "B/65/P",
                "B/7/S",
                "C/249/S",
                "G/1476/S",
                "E/426/P",
                "F/972/P",
                "G/450/S",
                "D/176/S",
                "G/994/S",
                "C/95/S",
                "C/91/P",
                "C/65/S",
                "D/56/P",
                "C/329/S",
                "G/37/P",
                "G/974/P",
                "G/469/P",
                "C/319/S",
                "F/151/S",
                "G/186/S",
                "G/330/P",
                "F/862/S",
                "F/856/P",
                "F/1387/P",
                "F/1838/P",
                "B/291/P",
                "G/1108/P",
                "B/300/P",
                "F/868/P",
                "F/1711/P",
                "G/439/P",
                "G/1087/S",
                "B/171/P",
                "G/1396/P",
                "G/26/P",
                "G/1402/P",
                "B/43/P",
                "E/0/S",
                "D/124/P",
                "B/59/P",
                "B/61/S",
                "G/1316/S",
                "E/352/P",
                "D/68/P",
                "G/283/S",
                "D/227/P",
                "G/857/P",
                "B/185/P",
                "B/203/P",
                "G/377/P"
            ],
            "with_others": false
        },
        "HomePlanet": {
            "levels": [
                "Earth",
                "Europa",
                "Mars"
            ],
            "with_others": false
        },
        "VIP": {
            "levels": [
                "false",
                "true"
            ],
            "with_others": false
        },
        "CryoSleep": {
            "levels": [
                "false",
                "true"
            ],
            "with_others": false
        }
    }
}