{
  "dataSpec": {
    "inputDatasetSmartName": "passengers_prepared",
    "datasetSelection": {
      "useMemTable": false,
      "filter": {
        "distinct": false,
        "enabled": false
      },
      "partitionSelectionMethod": "ALL",
      "latestPartitionsN": 1,
      "ordering": {
        "enabled": false,
        "rules": []
      },
      "samplingMethod": "HEAD_SEQUENTIAL",
      "maxRecords": 100000,
      "targetRatio": 0.02,
      "ascending": false,
      "withinFirstN": -1,
      "maxReadUncompressedBytes": -1,
      "seed": 1337
    },
    "autoRefreshSample": true,
    "refreshTrigger": 0,
    "containerSelection": {
      "containerMode": "INHERIT"
    }
  },
  "rootCard": {
    "type": "worksheet_root",
    "confidenceLevel": 0.95,
    "showConfidenceInterval": false,
    "cards": [
      {
        "type": "correlation_matrix",
        "heatmapParams": {
          "showValues": true,
          "showColors": true,
          "showAbsValues": false,
          "threshold": 0.0,
          "filterVariablesWithoutValues": false
        },
        "metric": "SPEARMAN",
        "columns": [
          {
            "name": "Cabin_1",
            "type": "CONTINUOUS"
          },
          {
            "name": "Age",
            "type": "CONTINUOUS"
          },
          {
            "name": "RoomService",
            "type": "CONTINUOUS"
          },
          {
            "name": "FoodCourt",
            "type": "CONTINUOUS"
          },
          {
            "name": "ShoppingMall",
            "type": "CONTINUOUS"
          },
          {
            "name": "Spa",
            "type": "CONTINUOUS"
          },
          {
            "name": "VRDeck",
            "type": "CONTINUOUS"
          }
        ],
        "id": "9jlFxcc"
      }
    ],
    "id": "9xNX8GP"
  },
  "name": "Worksheet",
  "creationTag": {
    "versionNumber": 0,
    "lastModifiedBy": {
      "login": "lecamleonie@gmail.com"
    },
    "lastModifiedOn": 1706689875671,
    "extendedProperties": {}
  },
  "tags": [],
  "customFields": {},
  "checklists": {
    "checklists": []
  }
}